<?xml version='1.0' encoding='ISO-8859-1' ?>

<!-- Copyright 2017 The MathWorks Ltd.-->
<toc version="1.0">
  <tocitem image="$toolbox/matlab/icons/book_mat.png" target="index.html">GUI Layout
    <tocitem target="Getting_Started.html" image="$toolbox/matlab/icons/help_gs.png">Getting Started<tocitem target="Getting_Started1.html">1. What is GUI Layout Toolbox?</tocitem><tocitem target="Getting_Started2.html">2. Compatibility considerations</tocitem><tocitem target="Getting_Started3.html">3. Release notes</tocitem><tocitem target="Getting_Started4.html">4. Installation</tocitem><tocitem target="Getting_Started5.html">5. Support</tocitem><tocitem target="Getting_Started6.html">6. Acknowledgements</tocitem></tocitem>
    <tocitem target="Examples.html" image="$toolbox/matlab/icons/help_ex.png">Examples</tocitem>
    <tocitem target="User_guide.html" image="$toolbox/matlab/icons/help_ug.png">User guide<tocitem target="User_guide1.html">1. Understanding layouts<tocitem target="User_guide1_1.html">1.1. Layout basics</tocitem><tocitem target="User_guide1_2.html">1.2. Types of layout</tocitem><tocitem target="User_guide1_3.html">1.3. Sizes and units</tocitem><tocitem target="User_guide1_4.html">1.4. Layout hierarchies</tocitem><tocitem target="User_guide1_5.html">1.5. Why use layouts?</tocitem></tocitem><tocitem target="User_guide2.html">2. Positioning axes<tocitem target="User_guide2_1.html">2.1. Position vs OuterPosition</tocitem><tocitem target="User_guide2_2.html">2.2. Axes inside layouts</tocitem><tocitem target="User_guide2_3.html">2.3. Colorbars and legends</tocitem></tocitem><tocitem target="User_guide3.html">3. Controlling visibility<tocitem target="User_guide3_1.html">3.1. Visible example</tocitem></tocitem><tocitem target="User_guide4.html">4. Advanced maneuvers with panels<tocitem target="User_guide4_1.html">4.1. Context help</tocitem><tocitem target="User_guide4_2.html">4.2. Minimize and maximize</tocitem><tocitem target="User_guide4_3.html">4.3. Dock and undock</tocitem></tocitem><tocitem target="User_guide5.html">5. Using layouts inside GUIDE GUIs</tocitem><tocitem target="User_guide6.html">6. Deploying GUIs using the MATLAB Compiler</tocitem><tocitem target="User_guide7.html">7. A complete example<tocitem target="User_guide7_1.html">7.1. Application structure</tocitem><tocitem target="User_guide7_2.html">7.2. createInterface</tocitem><tocitem target="User_guide7_3.html">7.3. updateInterface</tocitem><tocitem target="User_guide7_4.html">7.4. onListSelection</tocitem><tocitem target="User_guide7_5.html">7.5. Running it</tocitem><tocitem target="User_guide7_6.html">7.6. Scalability</tocitem></tocitem></tocitem>
    <tocitem target="Function_reference.html" image="$toolbox/matlab/icons/help_fx.png">Function reference<tocitem target="Function_reference.html#1">1. Panels<tocitem target="Function_reference1_1.html">1.1. uix.Panel</tocitem><tocitem target="Function_reference1_2.html">1.2. uix.CardPanel</tocitem><tocitem target="Function_reference1_3.html">1.3. uix.BoxPanel</tocitem><tocitem target="Function_reference1_4.html">1.4. uix.TabPanel</tocitem><tocitem target="Function_reference1_5.html">1.5. uix.ScrollingPanel</tocitem></tocitem><tocitem target="Function_reference.html#2">2. Boxes<tocitem target="Function_reference2_1.html">2.1. uix.HBox</tocitem><tocitem target="Function_reference2_2.html">2.2. uix.VBox</tocitem><tocitem target="Function_reference2_3.html">2.3. uix.HBoxFlex</tocitem><tocitem target="Function_reference2_4.html">2.4. uix.VBoxFlex</tocitem><tocitem target="Function_reference2_5.html">2.5. uix.HButtonBox</tocitem><tocitem target="Function_reference2_6.html">2.6. uix.VButtonBox</tocitem></tocitem><tocitem target="Function_reference.html#3">3. Grids<tocitem target="Function_reference3_1.html">3.1. uix.Grid</tocitem><tocitem target="Function_reference3_2.html">3.2. uix.GridFlex</tocitem></tocitem><tocitem target="Function_reference.html#4">4. Other functions<tocitem target="Function_reference4_1.html">4.1. uix.Empty</tocitem><tocitem target="Function_reference4_2.html">4.2. uix.tracking</tocitem><tocitem target="Function_reference4_3.html">4.3. layoutRoot</tocitem></tocitem></tocitem>
  <tocitem image="$toolbox/matlab/icons/help_rn.png" target="atoz.html">Index</tocitem>
  </tocitem>
</toc>
